dataset,kind,value,unit,frames,evaluable_frames,fov_pct,baseline_score_pct,alignment_score_pct,drop_pp,median_frame_pixel_shift_p50,median_frame_pixel_shift_p95,alert_rate_pct
kitti_mini,small_yaw,-0.25,deg,20,20,15.736417963860577,99.56457913463213,99.30083849618073,0.26374063845139517,3.652529110597941,5.224619774797756,0.0
kitti_mini,small_yaw,-0.1,deg,20,20,15.738345578575652,99.56457913463213,99.57453161155483,-0.009952476922705955,1.461733634258831,2.093193964027948,0.0
kitti_mini,small_yaw,0.1,deg,20,20,15.740105574619852,99.56457913463213,99.36801771540893,0.19656141922320103,1.4616035015165743,2.0921961836352594,0.0
kitti_mini,small_yaw,0.25,deg,20,20,15.743499852705092,99.56457913463213,98.8057027692767,0.7588763653554196,3.6523739103302897,5.220089018710148,0.0
kitti_mini,translation,-10.0,cm,20,20,15.734657967816377,99.56457913463213,99.08686024234281,0.4777188922893174,5.818668126491641,11.667590020554744,0.0
kitti_mini,translation,-5.0,cm,20,20,15.736166535854263,99.56457913463213,99.43270881540643,0.13187031922569759,2.911363402814263,5.848123734968627,0.0
kitti_mini,translation,-2.0,cm,20,20,15.738094150569339,99.56457913463213,99.55462665770943,0.009952476922691744,1.1652530572440956,2.3434443701617003,0.0
kitti_mini,translation,0.0,cm,20,20,15.739560813939503,99.56457913463213,99.56457913463213,0.0,0.0,0.0,0.0
kitti_mini,translation,2.0,cm,20,20,15.741237000648265,99.56457913463213,99.36304147694757,0.201537657684554,1.1654378901804459,2.3464831370446326,0.0
kitti_mini,translation,5.0,cm,20,20,15.743457948037374,99.56457913463213,98.92513249234904,0.6394466422830902,2.91286284911709,5.865340624570324,0.0
kitti_mini,translation,10.0,cm,20,20,15.745636990758763,99.56457913463213,97.99208778084646,1.572491353785665,5.823389452204299,11.715615028898117,5.0
kitti_mini,yaw,-3.0,deg,20,20,15.717183721377541,99.56457913463213,74.91478191634943,24.6497972182827,43.43010116333785,60.5541505803664,95.0
kitti_mini,yaw,-2.0,deg,20,20,15.725606559589066,99.56457913463213,84.20790724291508,15.356671891717042,29.044118196748585,40.87160859510941,85.0
kitti_mini,yaw,-1.0,deg,20,20,15.730425596376755,99.56457913463213,94.51120897713419,5.0533701574979375,14.572463892680444,20.692010858450434,50.0
kitti_mini,yaw,-0.5,deg,20,20,15.732772257769021,99.56457913463213,98.2707571346819,1.2938219999502252,7.297243150852198,10.414809172796687,15.0
kitti_mini,yaw,0.0,deg,20,20,15.739560813939503,99.56457913463213,99.56457913463213,0.0,0.0,0.0,0.0
kitti_mini,yaw,0.5,deg,20,20,15.746558893448583,99.56457913463213,97.19588962703092,2.3686895076012036,7.299007209431451,10.406598421506516,30.0
kitti_mini,yaw,1.0,deg,20,20,15.749785552862948,99.56457913463213,92.83919285412156,6.725386280510563,14.57519636776638,20.678494935112052,55.00000000000001
kitti_mini,yaw,2.0,deg,20,20,15.75141983490399,99.56457913463213,83.90933293523426,15.655246199397865,29.071355484688084,40.82556109462939,80.0
kitti_mini,yaw,3.0,deg,20,20,15.759675054444639,99.56457913463213,75.9050533701575,23.659525764474623,43.50077888576461,60.49813898369631,100.0
nuscenes_mini_subset,small_yaw,-0.25,deg,80,80,8.727260158761247,99.93699795243346,99.11272116343781,0.8242767889956468,6.313336606274419,7.7477573297718525,1.25
nuscenes_mini_subset,small_yaw,-0.1,deg,80,80,8.726216055854465,99.93699795243346,99.63773822649236,0.2992597259410985,2.526099112019369,3.1041839154822832,0.0
nuscenes_mini_subset,small_yaw,0.1,deg,80,80,8.725603995529799,99.93699795243346,99.72174095658109,0.21525699585237135,2.525789089108758,3.103412879777152,0.0
nuscenes_mini_subset,small_yaw,0.25,deg,80,80,8.724847921011095,99.93699795243346,99.17572321100435,0.761274741429105,6.310313791907315,7.747187990745597,0.0
nuscenes_mini_subset,translation,-10.0,cm,80,80,8.728484279410578,99.93699795243346,98.787210584344,1.1497873680894628,9.831530655607114,25.320537008716453,0.0
nuscenes_mini_subset,translation,-5.0,cm,80,80,8.727944226182933,99.93699795243346,99.45398225442327,0.48301569801019184,4.934490776340166,12.661476187969413,0.0
nuscenes_mini_subset,translation,-2.0,cm,80,80,8.725892023917877,99.93699795243346,99.78999317477817,0.1470047776552832,1.9739455025680748,5.064253215988607,0.0
nuscenes_mini_subset,translation,0.0,cm,80,80,8.726612094888072,99.93699795243346,99.93699795243346,0.0,0.0,0.0,0.0
nuscenes_mini_subset,translation,2.0,cm,80,80,8.724991935205134,99.93699795243346,99.70599044468945,0.23100750774401035,1.973982825913446,5.063838749013361,0.0
nuscenes_mini_subset,translation,5.0,cm,80,80,8.725892023917877,99.93699795243346,99.46448259568436,0.47251535674909917,4.934723413485539,12.652530947219606,0.0
nuscenes_mini_subset,translation,10.0,cm,80,80,8.723803818104312,99.93699795243346,98.8344621200189,1.10253583241456,9.84396305277015,25.28295311806147,0.0
nuscenes_mini_subset,yaw,-3.0,deg,80,80,8.73514493588488,99.93699795243346,70.17378064787106,29.763217304562403,75.31114342022565,90.6620504110962,100.0
nuscenes_mini_subset,yaw,-2.0,deg,80,80,8.734208843623627,99.93699795243346,80.64787105580932,19.28912689662414,50.31882693400628,60.931208180095076,92.5
nuscenes_mini_subset,yaw,-1.0,deg,80,80,8.728484279410578,99.93699795243346,91.93573791148212,8.001260040951337,25.204350600488386,30.76736683011002,50.0
nuscenes_mini_subset,yaw,-0.5,deg,80,80,8.727008133921679,99.93699795243346,97.40641570851052,2.530582243922936,12.616148333670903,15.459517169556621,10.0
nuscenes_mini_subset,yaw,0.0,deg,80,80,8.726612094888072,99.93699795243346,99.93699795243346,0.0,0.0,0.0,0.0
nuscenes_mini_subset,yaw,0.5,deg,80,80,8.723299768425177,99.93699795243346,97.52716963301307,2.4098283194203844,12.612198513218358,15.457218997733104,6.25
nuscenes_mini_subset,yaw,1.0,deg,80,80,8.723443782619215,99.93699795243346,92.16149524859559,7.775502703837873,25.183236608720847,30.763585563112226,43.75
nuscenes_mini_subset,yaw,2.0,deg,80,80,8.717575204212126,99.93699795243346,80.41161337743476,19.525384574998697,50.25183919084729,60.973253724865074,95.0
nuscenes_mini_subset,yaw,3.0,deg,80,80,8.71174262935355,99.93699795243346,69.58576153724997,30.351236415183493,75.24076772664586,90.63043585798857,100.0
