dataset,frame_id,image_width,image_height,timestamp_lidar_us,camera_minus_lidar_ms,n_points,invalid_ratio,range_min,range_p50,range_p95,range_max,ratio_beyond_50m,z_min,z_max,intensity_mean,empty_azimuth_bins
kitti_mini,000001,1242,375,,,120268,0.0,1.369299054145813,9.780582427978516,37.032081604003906,79.86998748779297,0.013869025842285563,-7.293000221252441,2.9040000438690186,0.24902275204658508,0
kitti_mini,000004,1242,375,,,115976,0.0,1.3678866624832153,9.24141788482666,36.76300811767578,79.98678588867188,0.017857142857142856,-5.673999786376953,2.9019999504089355,0.22612988948822021,0
kitti_mini,000007,1242,375,,,122798,0.0,1.3765064477920532,12.196368217468262,42.8106689453125,79.95597839355469,0.03378719523119269,-3.055999994277954,2.9040000438690186,0.24945665895938873,0
kitti_mini,000008,1242,375,,,122555,0.0,1.3737093210220337,7.502120494842529,24.0810489654541,79.90072631835938,0.008020888580637264,-15.932000160217285,2.9049999713897705,0.27182766795158386,0
kitti_mini,000009,1242,375,,,123928,0.0,1.3754075765609741,12.59945297241211,38.3087043762207,79.90322875976562,0.02236782647989155,-2.421999931335449,2.9100000858306885,0.24722331762313843,0
kitti_mini,000010,1242,375,,,115875,0.0,1.371624231338501,10.462684631347656,50.72724151611328,79.94259643554688,0.05690614886731392,-14.138999938964844,2.9119999408721924,0.22048750519752502,0
kitti_mini,000011,1242,375,,,108004,0.0,1.3732024431228638,8.217069625854492,28.649362564086914,79.7511215209961,0.009564460575534239,-20.033000946044922,2.9059998989105225,0.22046461701393127,0
kitti_mini,000012,1242,375,,,120007,0.0,1.3918020725250244,11.624853134155273,53.36783981323242,79.93624114990234,0.06257135000458307,-26.663000106811523,2.9070000648498535,0.224426731467247,0
kitti_mini,000015,1238,374,,,122583,0.0,1.3692837953567505,7.502059459686279,24.267654418945312,79.41095733642578,0.005555419593255183,-7.086999893188477,2.8540000915527344,0.24537016451358795,0
kitti_mini,000016,1242,375,,,113070,0.0,1.3804028034210205,9.34414291381836,49.60468673706055,79.97410583496094,0.048978508888299285,-17.017000198364258,2.9119999408721924,0.23262685537338257,0
kitti_mini,000019,1242,375,,,115697,0.0,1.3768020868301392,8.253700256347656,32.2285270690918,79.92622375488281,0.02093399137402007,-4.111999988555908,2.9059998989105225,0.25675055384635925,0
kitti_mini,000021,1242,375,,,125260,0.0,1.369299054145813,8.886609077453613,25.08150291442871,79.9522705078125,0.009340571611049018,-9.902999877929688,2.9100000858306885,0.3032272160053253,0
kitti_mini,000023,1242,375,,,120412,0.0,1.3849999904632568,9.89593505859375,36.98249435424805,79.808837890625,0.012855861542039,-7.039000034332275,2.9079999923706055,0.24839185178279877,0
kitti_mini,000025,1242,375,,,115780,0.0,1.3661186695098877,7.096640586853027,25.353591918945312,79.98151397705078,0.007954741751597858,-8.175000190734863,2.8980000019073486,0.2610732316970825,0
kitti_mini,000031,1242,375,,,121291,0.0,1.377209186553955,9.047811508178711,30.56546974182129,79.05645751953125,0.006084540485279204,-9.5649995803833,2.7839999198913574,0.2867589592933655,0
kitti_mini,000032,1242,375,,,118661,0.0,1.37171471118927,8.888689041137695,24.452917098999023,79.64344024658203,0.013576491012211258,-24.118000030517578,2.88700008392334,0.2751561105251312,0
kitti_mini,000043,1242,375,,,122591,0.0,1.365937352180481,7.394298076629639,22.60608673095703,79.88632202148438,0.008018533171276848,-11.996000289916992,2.8910000324249268,0.2513357996940613,0
kitti_mini,000048,1238,374,,,122675,0.0,1.3783820867538452,6.683043003082275,23.284149169921875,79.91224670410156,0.005942531078051763,-8.79800033569336,2.76200008392334,0.23834122717380524,0
kitti_mini,000049,1242,375,,,113691,0.0,1.3930057287216187,8.889351844787598,31.775693893432617,79.98228454589844,0.026976629636470784,-24.81999969482422,2.9049999713897705,0.24500338733196259,0
kitti_mini,000061,1242,375,,,125247,0.0,1.3841650485992432,9.927339553833008,32.82379150390625,79.89677429199219,0.013501321388935464,-8.015999794006348,2.9110000133514404,0.3110469877719879,0
nuscenes_mini_subset,scene-0103_000,1600,900,1533151603547590,-35.186,34752,0.0,3.8730613596271724e-05,4.219639778137207,30.717172622680664,103.38871002197266,0.016517034990791896,-10.613049507141113,15.905303001403809,0.05758314207196236,0
nuscenes_mini_subset,scene-0103_001,1600,900,1533151604048025,-35.621,34688,0.0,3.840139106614515e-05,4.235455513000488,29.433948516845703,103.36994934082031,0.01522140221402214,-8.953438758850098,15.36767864227295,0.05538390576839447,0
nuscenes_mini_subset,scene-0103_002,1600,900,1533151604547893,-35.489,34752,0.0,1.6153635442606173e-05,4.324854373931885,29.77055549621582,104.3124008178711,0.01286256906077348,-8.844325065612793,14.984073638916016,0.05161503329873085,0
nuscenes_mini_subset,scene-0103_003,1600,900,1533151605047769,-35.365,34720,0.0,2.032927659456618e-05,4.65598201751709,29.934892654418945,104.53550720214844,0.01042626728110599,-8.432637214660645,14.710003852844238,0.0520179346203804,0
nuscenes_mini_subset,scene-0103_004,1600,900,1533151605548192,-35.788,34784,0.0,3.5669381759362295e-05,4.938131332397461,27.747835159301758,104.79962158203125,0.008193422263109476,-8.56803035736084,13.990106582641602,0.05456734448671341,0
nuscenes_mini_subset,scene-0103_005,1600,900,1533151606048630,-36.226,34720,0.0,0.0007961741066537797,4.919877052307129,26.089397430419922,101.44481658935547,0.00625,-8.90179443359375,14.785812377929688,0.0558733195066452,0
nuscenes_mini_subset,scene-0103_006,1600,900,1533151606549066,-36.662,34688,0.0,4.7392699343618006e-05,5.090211868286133,26.94565773010254,104.24225616455078,0.006515221402214022,-9.901309967041016,15.09892463684082,0.05618748441338539,0
nuscenes_mini_subset,scene-0103_007,1600,900,1533151607048933,-36.529,34688,0.0,4.975844422006048e-05,5.625088214874268,27.469120025634766,94.19500732421875,0.006515221402214022,-7.924996376037598,13.284418106079102,0.05571074038743973,0
nuscenes_mini_subset,scene-0103_008,1600,900,1533151607548824,-36.42,34720,0.0,2.5182514491461916e-06,5.720678329467773,29.34922218322754,88.6733169555664,0.015380184331797235,-5.567416191101074,15.277002334594727,0.05528858304023743,0
nuscenes_mini_subset,scene-0103_009,1600,900,1533151608048151,-35.747,34720,0.0,3.0005510780029e-05,6.352505683898926,31.595521926879883,100.33021545410156,0.018087557603686636,-4.688133716583252,14.556418418884277,0.05541994422674179,0
nuscenes_mini_subset,scene-0103_010,1600,900,1533151608548020,-35.616,34720,0.0,0.0004276442341506481,6.625268936157227,31.329532623291016,94.21302032470703,0.011981566820276499,-10.308006286621094,13.999000549316406,0.05834846571087837,0
nuscenes_mini_subset,scene-0103_011,1600,900,1533151609047890,-35.486,34688,0.0,0.007317706011235714,6.857203006744385,30.58083724975586,88.28131103515625,0.007668357933579336,-17.102893829345703,13.513470649719238,0.06234929710626602,0
nuscenes_mini_subset,scene-0103_012,1600,900,1533151609547766,-35.362,34688,0.0,5.0088441639672965e-05,6.9009246826171875,29.25151824951172,86.06536102294922,0.007264760147601476,-15.647502899169922,13.176172256469727,0.06455326080322266,0
nuscenes_mini_subset,scene-0103_013,1600,900,1533151609947025,-34.621,34688,0.0,1.2651974429900292e-05,6.9591169357299805,29.08759117126465,90.89771270751953,0.007726014760147602,-14.676697731018066,12.909321784973145,0.06424418091773987,0
nuscenes_mini_subset,scene-0103_014,1600,900,1533151610446899,-34.495,34720,0.0,0.0007149832672439516,7.148216247558594,28.966054916381836,104.7372817993164,0.007747695852534562,-13.73346996307373,12.75500202178955,0.06298466771841049,0
nuscenes_mini_subset,scene-0103_015,1600,900,1533151610946785,-34.381,34688,0.0,0.0023033595643937588,7.3191070556640625,29.35774040222168,104.1402587890625,0.00801429889298893,-13.116724014282227,12.651497840881348,0.06248508021235466,0
nuscenes_mini_subset,scene-0103_016,1600,900,1533151611446636,-34.232,34720,0.0,7.507233385695145e-05,7.369986534118652,30.16670036315918,80.04752349853516,0.00858294930875576,-12.660733222961426,12.521703720092773,0.06284122169017792,0
nuscenes_mini_subset,scene-0103_017,1600,900,1533151611896734,-34.33,34720,0.0,2.0920941096846946e-05,7.337009429931641,30.65184211730957,86.47219848632812,0.009418202764976959,-12.29260540008545,12.622427940368652,0.06251943111419678,0
nuscenes_mini_subset,scene-0103_018,1600,900,1533151612397179,-34.775,34784,0.0,0.0008969706250354648,7.268719673156738,31.111732482910156,87.2322998046875,0.00983210671573137,-11.89560317993164,12.636214256286621,0.062276437878608704,0
nuscenes_mini_subset,scene-0103_019,1600,900,1533151612897588,-35.184,34784,0.0,5.977418186375871e-05,7.246833801269531,31.933866500854492,85.2965087890625,0.01063707451701932,-11.47280502319336,13.762847900390625,0.061981286853551865,0
nuscenes_mini_subset,scene-0103_020,1600,900,1533151613398020,-35.616,34752,0.0,0.0015327917644754052,7.122405052185059,32.789188385009766,91.85234832763672,0.01286256906077348,-11.007283210754395,13.693726539611816,0.061933521181344986,0
nuscenes_mini_subset,scene-0103_021,1600,900,1533151613948222,-35.818,34752,0.0,4.409385292092338e-05,7.006618499755859,33.9682502746582,104.25165557861328,0.01689111418047882,-10.411444664001465,13.568083763122559,0.06178806349635124,0
nuscenes_mini_subset,scene-0103_022,1600,900,1533151614450164,-37.76,34752,0.0,6.243134703254327e-05,6.829071044921875,33.59389877319336,102.26599884033203,0.01781192449355433,-9.795478820800781,13.464085578918457,0.061127129942178726,0
nuscenes_mini_subset,scene-0103_023,1600,900,1533151614948536,-36.132,34720,0.0,3.221799852326512e-05,6.694565773010254,32.99443817138672,101.04496765136719,0.018605990783410138,-10.654438018798828,13.439972877502441,0.06101450324058533,0
nuscenes_mini_subset,scene-0103_024,1600,900,1533151615448397,-35.993,34688,0.0,3.8112862057460006e-06,6.584733963012695,32.358699798583984,100.7625961303711,0.020122232472324725,-3.8536977767944336,13.682877540588379,0.06217893213033676,0
nuscenes_mini_subset,scene-0103_025,1600,900,1533151615947733,-35.329,34688,0.0,3.2599935366306454e-05,6.532846927642822,31.65914535522461,97.14144134521484,0.021160055350553507,-4.52141809463501,13.794687271118164,0.06053322181105614,0
nuscenes_mini_subset,scene-0103_026,1600,900,1533151616447606,-35.202,34688,0.0,4.5093955122865736e-05,6.261760711669922,34.78520202636719,94.51639556884766,0.026291512915129153,-9.613724708557129,14.17879867553711,0.061289768666028976,0
nuscenes_mini_subset,scene-0103_027,1600,900,1533151616947490,-35.086,34752,0.0,3.2814237783895805e-05,6.367234230041504,36.183860778808594,92.17398071289062,0.029034300184162063,-10.666961669921875,14.810531616210938,0.05852991342544556,0
nuscenes_mini_subset,scene-0103_028,1600,900,1533151617397050,-34.646,34720,0.0,0.0012473820243030787,6.616082191467285,36.89509582519531,89.86849975585938,0.02966589861751152,-16.729785919189453,14.59955883026123,0.05661437287926674,0
nuscenes_mini_subset,scene-0103_029,1600,900,1533151617947237,-34.833,34720,0.0,1.697799416433554e-05,6.936047554016113,37.835384368896484,99.9505615234375,0.03064516129032258,-15.274870872497559,14.378679275512695,0.0555528849363327,0
nuscenes_mini_subset,scene-0103_030,1600,900,1533151618447134,-34.73,34688,0.0,2.588307688711211e-05,7.158540725708008,38.00920104980469,104.37654113769531,0.028770756457564575,-10.915365219116211,14.296148300170898,0.05459083989262581,0
nuscenes_mini_subset,scene-0103_031,1600,900,1533151618946993,-34.589,34688,0.0,5.725425580749288e-05,7.203036308288574,38.0906867980957,104.79293060302734,0.02810770295202952,-8.140406608581543,13.837512969970703,0.053639620542526245,0
nuscenes_mini_subset,scene-0103_032,1600,900,1533151619446866,-34.462,34752,0.0,0.00028591047157533467,7.183372974395752,36.968780517578125,104.24696350097656,0.02653084714548803,-8.878022193908691,14.05234432220459,0.05469658225774765,0
nuscenes_mini_subset,scene-0103_033,1600,900,1533151619947313,-34.855,34784,0.0,0.001016381662338972,6.814592361450195,37.048439025878906,104.30192565917969,0.025097746090156393,-12.738788604736328,14.381629943847656,0.0559077188372612,0
nuscenes_mini_subset,scene-0103_034,1600,900,1533151620447745,-35.341,34688,0.0,3.147328970953822e-05,6.374264717102051,35.7646598815918,99.86924743652344,0.019228551660516607,-10.722476959228516,14.564739227294922,0.05802164971828461,0
nuscenes_mini_subset,scene-0103_035,1600,900,1533151621047706,-35.302,34720,0.0,2.2043815988581628e-05,5.862981796264648,34.378662109375,98.09515380859375,0.01595622119815668,-15.524818420410156,13.981459617614746,0.06018693745136261,0
nuscenes_mini_subset,scene-0103_036,1600,900,1533151621448049,-35.645,34752,0.0,6.0872669564560056e-05,5.734255790710449,34.47744369506836,102.3478775024414,0.01694866482504604,-14.079578399658203,14.624687194824219,0.05929058790206909,0
nuscenes_mini_subset,scene-0103_037,1600,900,1533151621947928,-35.524,34720,0.0,1.5620156773366034e-05,5.9823527336120605,30.146804809570312,100.50813293457031,0.017943548387096775,-12.238221168518066,15.626346588134766,0.0605725422501564,0
nuscenes_mini_subset,scene-0103_038,1600,900,1533151622448916,-36.512,34752,0.0,4.735682159662247e-05,5.7465009689331055,26.81104850769043,102.45852661132812,0.017351519337016574,-10.388916015625,16.21274757385254,0.06371116638183594,0
nuscenes_mini_subset,scene-0103_039,1600,900,1533151622948227,-35.823,34720,0.0,2.3093683921615593e-05,5.517012596130371,25.99713897705078,97.68844604492188,0.015754608294930875,-8.575143814086914,16.949474334716797,0.05703612416982651,0
nuscenes_mini_subset,scene-1094_000,1600,900,1542800847948119,-35.659,34400,0.0,3.015122638316825e-05,5.483371734619141,41.02781295776367,94.70232391357422,0.017063953488372093,-16.811443328857422,14.276058197021484,0.07936901599168777,0
nuscenes_mini_subset,scene-1094_001,1600,900,1542800848447981,-35.521,34688,0.0,2.5323566660517827e-05,5.630763053894043,40.93636703491211,104.87916564941406,0.016518680811808118,-16.82356071472168,14.376981735229492,0.08170866221189499,0
nuscenes_mini_subset,scene-1094_002,1600,900,1542800848947897,-35.437,34720,0.0,4.4476073526311666e-05,5.755970001220703,40.8665657043457,97.10379791259766,0.016877880184331798,-16.87247085571289,15.927794456481934,0.08359594643115997,0
nuscenes_mini_subset,scene-1094_003,1600,900,1542800849447179,-34.719,34688,0.0,7.617331721121445e-05,6.029533863067627,40.72850036621094,97.68346405029297,0.016633994464944648,-16.95526123046875,15.972492218017578,0.08211135119199753,0
nuscenes_mini_subset,scene-1094_004,1600,900,1542800849947059,-34.599,34720,0.0,6.806880264775828e-05,6.2768120765686035,40.55051803588867,105.06307220458984,0.014976958525345621,-17.130064010620117,15.850387573242188,0.08038899302482605,0
nuscenes_mini_subset,scene-1094_005,1600,900,1542800850447485,-35.025,34752,0.0,5.822917592013255e-05,6.4274139404296875,39.86638641357422,103.03768920898438,0.013639502762430939,-17.389198303222656,15.82125186920166,0.07984622567892075,0
nuscenes_mini_subset,scene-1094_006,1600,900,1542800850947378,-34.918,34688,0.0,0.00021269427088554949,6.858116149902344,39.51572799682617,104.00003814697266,0.014443035055350554,-12.472963333129883,13.857807159423828,0.0778496041893959,0
nuscenes_mini_subset,scene-1094_007,1600,900,1542800851450143,-37.683,34720,0.0,4.1478378989268094e-05,6.8065385818481445,38.781734466552734,104.26824951171875,0.016129032258064516,-11.922333717346191,12.349836349487305,0.07549833506345749,0
nuscenes_mini_subset,scene-1094_008,1600,900,1542800851947705,-35.245,34752,0.0,0.00015046048793010414,6.767179012298584,38.31819534301758,104.72489929199219,0.015912753222836095,-11.335597038269043,13.417611122131348,0.0738086998462677,0
nuscenes_mini_subset,scene-1094_009,1600,900,1542800852448091,-35.631,34720,0.0,3.2795673178043216e-05,6.667680263519287,37.77983093261719,105.03488159179688,0.014861751152073733,-6.531080722808838,15.354004859924316,0.07029445469379425,0
nuscenes_mini_subset,scene-1094_010,1600,900,1542800852947478,-35.018,34688,0.0,4.958770296070725e-05,6.508689880371094,36.91092300415039,105.05127716064453,0.013924123616236163,-6.40654182434082,15.604004859924316,0.06893055140972137,0
nuscenes_mini_subset,scene-1094_011,1600,900,1542800853447313,-34.853,34688,0.0,4.0342471038457006e-05,6.501154899597168,36.67987823486328,102.9416275024414,0.013261070110701108,-24.80376434326172,15.328007698059082,0.06728687137365341,0
nuscenes_mini_subset,scene-1094_012,1600,900,1542800853947736,-35.276,34752,0.0,2.610832962091081e-05,6.428463935852051,36.84749984741211,104.15585327148438,0.013869705340699815,-6.660455703735352,15.346060752868652,0.06614149361848831,0
nuscenes_mini_subset,scene-1094_013,1600,900,1542800854447717,-35.257,34752,0.0,3.791277777054347e-05,6.296843528747559,36.644344329833984,102.11329650878906,0.012747467771639043,-13.262020111083984,15.720680236816406,0.06533848494291306,0
nuscenes_mini_subset,scene-1094_014,1600,900,1542800854948033,-35.573,34720,0.0,5.790271097794175e-05,6.196893692016602,36.10878372192383,104.20377349853516,0.013248847926267281,-14.693117141723633,16.718536376953125,0.0664091482758522,0
nuscenes_mini_subset,scene-1094_015,1600,900,1542800855448455,-35.995,34752,0.0,3.0481913199764676e-05,6.136481285095215,36.527400970458984,102.23500061035156,0.014790515653775323,-20.36381721496582,16.15300750732422,0.06934978067874908,0
nuscenes_mini_subset,scene-1094_016,1600,900,1542800855949460,-37.0,34816,0.0,4.567405994748697e-05,5.899703025817871,35.93833923339844,99.63636779785156,0.014763327205882353,-17.503557205200195,13.794353485107422,0.07212190330028534,0
nuscenes_mini_subset,scene-1094_017,1600,900,1542800856450419,-37.959,34752,0.0,1.6059973859228194e-05,5.5356574058532715,35.964542388916016,101.12244415283203,0.015740101289134438,-17.56027603149414,15.014372825622559,0.08009481430053711,0
nuscenes_mini_subset,scene-1094_018,1600,900,1542800856950302,-37.842,34688,0.0,0.0005621674936264753,5.389958381652832,36.133907318115234,95.17935943603516,0.015336715867158672,-17.6080379486084,15.219258308410645,0.08770406246185303,0
nuscenes_mini_subset,scene-1094_019,1600,900,1542800857450187,-37.727,34688,0.0,2.9273713153088465e-05,5.599951267242432,37.934288024902344,94.02881622314453,0.019026752767527674,-18.778921127319336,14.982513427734375,0.09853202104568481,0
nuscenes_mini_subset,scene-1094_020,1600,900,1542800857899729,-37.269,34720,0.0,6.555730215040967e-05,5.560458183288574,37.60918426513672,101.89330291748047,0.02059331797235023,-5.5217485427856445,14.757877349853516,0.09613320976495743,0
nuscenes_mini_subset,scene-1094_021,1600,900,1542800858399042,-36.582,34688,0.0,1.7703168850857764e-05,5.7237653732299805,39.02526092529297,104.66293334960938,0.023696955719557197,-9.466289520263672,15.216761589050293,0.09429311007261276,0
nuscenes_mini_subset,scene-1094_022,1600,900,1542800858898923,-36.463,34656,0.0,5.082071220385842e-05,5.660327911376953,39.045387268066406,104.55204010009766,0.024988457987072946,-9.388401985168457,14.726734161376953,0.09303745627403259,0
nuscenes_mini_subset,scene-1094_023,1600,900,1542800859451995,-39.535,34688,0.0,4.9296344514004886e-05,5.314996719360352,38.21175003051758,103.73365020751953,0.028828413284132843,-10.575057983398438,17.1164493560791,0.09199248999357224,0
nuscenes_mini_subset,scene-1094_024,1600,900,1542800859947349,-34.889,34688,0.0,2.2340702344081365e-05,5.80996561050415,39.058109283447266,104.25593566894531,0.03254727859778598,-9.888233184814453,19.242177963256836,0.08390018343925476,0
nuscenes_mini_subset,scene-1094_025,1600,900,1542800860447226,-34.766,34720,0.0,4.406235893839039e-05,6.099553108215332,41.45212173461914,105.07264709472656,0.03205645161290323,-11.15338134765625,18.800004959106445,0.07910782098770142,0
nuscenes_mini_subset,scene-1094_026,1600,900,1542800860947086,-34.626,34752,0.0,5.138284177519381e-05,6.297245025634766,42.63886260986328,101.09954833984375,0.03194060773480663,-14.30573844909668,18.186201095581055,0.08052283525466919,0
nuscenes_mini_subset,scene-1094_027,1600,900,1542800861447555,-35.095,34752,0.0,0.0007961054798215628,5.860230445861816,44.55436706542969,104.12200927734375,0.036141804788213626,-6.910838603973389,17.865503311157227,0.0836312472820282,0
nuscenes_mini_subset,scene-1094_028,1600,900,1542800861947962,-35.502,34752,0.0,3.043086144316476e-05,5.631645679473877,45.17295455932617,103.4604263305664,0.038184852670349906,-12.564482688903809,17.489498138427734,0.08671370148658752,0
nuscenes_mini_subset,scene-1094_029,1600,900,1542800862447900,-35.44,34720,0.0,4.341800377005711e-05,5.575921535491943,45.26752471923828,104.85579681396484,0.04144585253456221,-17.724390029907227,18.465662002563477,0.08560269325971603,0
nuscenes_mini_subset,scene-1094_030,1600,900,1542800862947705,-35.245,34720,0.0,3.416245453990996e-05,6.064657211303711,45.49272155761719,104.26216125488281,0.038911290322580644,-14.650765419006348,18.4425048828125,0.07980088144540787,0
nuscenes_mini_subset,scene-1094_031,1600,900,1542800863447572,-35.112,34752,0.0,2.9238399292808026e-05,6.372391223907471,46.78494644165039,103.96771240234375,0.0420695211786372,-15.62952709197998,18.49532699584961,0.07773331552743912,0
nuscenes_mini_subset,scene-1094_032,1600,900,1542800863948003,-35.543,34784,0.0,4.962375169270672e-05,6.648358345031738,48.23378372192383,104.72356414794922,0.04470446182152714,-15.083976745605469,16.97089958190918,0.07396763563156128,0
nuscenes_mini_subset,scene-1094_033,1600,900,1542800864448454,-35.994,34720,0.0,0.0005669829552061856,6.703065872192383,49.36711502075195,103.61795806884766,0.04717741935483871,-20.376405715942383,19.4195499420166,0.07424008101224899,0
nuscenes_mini_subset,scene-1094_034,1600,900,1542800864948320,-35.86,34720,0.0,5.4863681725692004e-05,6.4701690673828125,48.94852828979492,103.92044830322266,0.04406682027649769,-22.433897018432617,18.92759895324707,0.07865557819604874,0
nuscenes_mini_subset,scene-1094_035,1600,900,1542800865448238,-35.423,34720,0.0,3.521707549225539e-05,5.988180160522461,48.886348724365234,104.18488311767578,0.04452764976958525,-6.959529876708984,18.457202911376953,0.08718667924404144,0
nuscenes_mini_subset,scene-1094_036,1600,900,1542800865948074,-35.614,34720,0.0,4.705761602963321e-05,5.349740982055664,44.733001708984375,100.39624786376953,0.04334677419354839,-13.20490837097168,18.07892608642578,0.09015689045190811,0
nuscenes_mini_subset,scene-1094_037,1600,900,1542800866448494,-36.027,34752,0.0,3.6413392081158236e-05,5.762872695922852,44.80879211425781,101.22447204589844,0.04008402394106814,-10.675241470336914,16.783998489379883,0.08714894205331802,0
nuscenes_mini_subset,scene-1094_038,1600,900,1542800866948361,-35.901,34688,0.0,2.889038842113223e-05,5.784766674041748,42.68122100830078,99.9941177368164,0.040042666051660514,-28.127071380615234,16.879417419433594,0.08380024135112762,0
nuscenes_mini_subset,scene-1094_039,1600,900,1542800867447688,-35.228,34720,0.0,5.6420340115437284e-05,6.005036354064941,42.00088119506836,105.2867202758789,0.038018433179723504,-2.972219467163086,17.035064697265625,0.08447761833667755,0
