dataset,kind,value,unit,range_bucket,objects,objects_with_points,baseline_points,baseline_score_pct,alignment_score_pct,drop_pp,median_object_pixel_shift_p50
kitti_mini,small_yaw,-0.25,deg,far_gt30m,42,41,1808,99.72345132743362,96.90265486725664,2.820796460176979,3.2033779664552533
kitti_mini,small_yaw,-0.25,deg,mid_10to30m,58,58,20119,99.69680401610418,99.5228391073115,0.17396490879268356,3.363431137295769
kitti_mini,small_yaw,-0.25,deg,near_lt10m,15,15,18264,99.40319754708716,99.29369250985545,0.10950503723171323,4.446560444498296
kitti_mini,small_yaw,-0.1,deg,far_gt30m,42,41,1808,99.72345132743362,99.61283185840708,0.1106194690265454,1.2813933102785122
kitti_mini,small_yaw,-0.1,deg,mid_10to30m,58,58,20119,99.69680401610418,99.75147870172474,-0.05467468562055444,1.3460286865220001
kitti_mini,small_yaw,-0.1,deg,near_lt10m,15,15,18264,99.40319754708716,99.37582128777923,0.027376259307928308,1.7814851237047753
kitti_mini,small_yaw,0.1,deg,far_gt30m,42,41,1808,99.72345132743362,99.00442477876106,0.7190265486725593,1.280925326905614
kitti_mini,small_yaw,0.1,deg,mid_10to30m,58,58,20119,99.69680401610418,99.53775038520801,0.15905363089616742,1.3460434192833122
kitti_mini,small_yaw,0.1,deg,near_lt10m,15,15,18264,99.40319754708716,99.21703898379326,0.18615856329390112,1.7784398254835156
kitti_mini,small_yaw,0.25,deg,far_gt30m,42,41,1808,99.72345132743362,96.51548672566372,3.207964601769902,3.201453626871482
kitti_mini,small_yaw,0.25,deg,mid_10to30m,58,58,20119,99.69680401610418,99.07053034445052,0.6262736716536637,3.3632701883829843
kitti_mini,small_yaw,0.25,deg,near_lt10m,15,15,18264,99.40319754708716,98.7406920718353,0.6625054752518622,4.4499414273257525
kitti_mini,translation,-10.0,cm,far_gt30m,42,41,1808,99.72345132743362,99.22566371681415,0.4977876106194685,1.700525491480453
kitti_mini,translation,-10.0,cm,mid_10to30m,58,58,20119,99.69680401610418,99.4333714399324,0.2634325761717804,3.998106226489341
kitti_mini,translation,-10.0,cm,near_lt10m,15,15,18264,99.40319754708716,98.69141480508104,0.7117827420061218,13.528897302465634
kitti_mini,translation,-5.0,cm,far_gt30m,42,41,1808,99.72345132743362,99.66814159292035,0.0553097345132727,0.8502626211331548
kitti_mini,translation,-5.0,cm,mid_10to30m,58,58,20119,99.69680401610418,99.7216561459317,-0.024852129827522162,1.9990524240790408
kitti_mini,translation,-5.0,cm,near_lt10m,15,15,18264,99.40319754708716,99.09110819097678,0.312089356110377,6.90348365784407
kitti_mini,translation,-2.0,cm,far_gt30m,42,41,1808,99.72345132743362,99.83407079646018,-0.11061946902655961,0.3401050185476352
kitti_mini,translation,-2.0,cm,mid_10to30m,58,58,20119,99.69680401610418,99.75644912769025,-0.05964511158606456,0.7996208042319466
kitti_mini,translation,-2.0,cm,near_lt10m,15,15,18264,99.40319754708716,99.30464301357863,0.09855453350853338,2.8030876099784985
kitti_mini,translation,0.0,cm,far_gt30m,42,41,1808,99.72345132743362,99.72345132743362,0.0,0.0
kitti_mini,translation,0.0,cm,mid_10to30m,58,58,20119,99.69680401610418,99.69680401610418,0.0,0.0
kitti_mini,translation,0.0,cm,near_lt10m,15,15,18264,99.40319754708716,99.40319754708716,0.0,0.0
kitti_mini,translation,2.0,cm,far_gt30m,42,41,1808,99.72345132743362,99.5575221238938,0.1659292035398181,0.3401049786733334
kitti_mini,translation,2.0,cm,mid_10to30m,58,58,20119,99.69680401610418,99.62721805258711,0.06958596351707058,0.7996205836991677
kitti_mini,translation,2.0,cm,near_lt10m,15,15,18264,99.40319754708716,99.05278142794569,0.35041611914147097,2.8256028998361993
kitti_mini,translation,5.0,cm,far_gt30m,42,41,1808,99.72345132743362,99.39159292035399,0.3318584070796362,0.8502623719192381
kitti_mini,translation,5.0,cm,mid_10to30m,58,58,20119,99.69680401610418,99.41348973607037,0.28331428003380665,1.9990510457492057
kitti_mini,translation,5.0,cm,near_lt10m,15,15,18264,99.40319754708716,98.34099868593955,1.062198861147607,7.064002089529588
kitti_mini,translation,10.0,cm,far_gt30m,42,41,1808,99.72345132743362,98.89380530973452,0.8296460176991047,1.7005244946245606
kitti_mini,translation,10.0,cm,mid_10to30m,58,58,20119,99.69680401610418,98.78721606441673,0.9095879516874561,3.99810071316998
kitti_mini,translation,10.0,cm,near_lt10m,15,15,18264,99.40319754708716,97.026938239159,2.3762593079281658,14.090301450680276
kitti_mini,yaw,-3.0,deg,far_gt30m,42,41,1808,99.72345132743362,27.101769911504423,72.6216814159292,38.54937496570957
kitti_mini,yaw,-3.0,deg,mid_10to30m,58,58,20119,99.69680401610418,69.31259008897062,30.38421392713356,40.352182332004475
kitti_mini,yaw,-3.0,deg,near_lt10m,15,15,18264,99.40319754708716,85.81909767849321,13.584099868593952,51.875929564959264
kitti_mini,yaw,-2.0,deg,far_gt30m,42,41,1808,99.72345132743362,45.02212389380531,54.701327433628315,25.70886539585182
kitti_mini,yaw,-2.0,deg,mid_10to30m,58,58,20119,99.69680401610418,80.04871017446195,19.648093841642236,26.894438206397567
kitti_mini,yaw,-2.0,deg,near_lt10m,15,15,18264,99.40319754708716,92.66863775733684,6.734559789750321,34.930530216373434
kitti_mini,yaw,-1.0,deg,far_gt30m,42,41,1808,99.72345132743362,72.56637168141593,27.157079646017692,12.832383247876885
kitti_mini,yaw,-1.0,deg,mid_10to30m,58,58,20119,99.69680401610418,93.32968835429196,6.367115661812221,13.426574917284519
kitti_mini,yaw,-1.0,deg,near_lt10m,15,15,18264,99.40319754708716,97.98510731493649,1.418090232150675,17.645833391023107
kitti_mini,yaw,-0.5,deg,far_gt30m,42,41,1808,99.72345132743362,89.60176991150442,10.121681415929203,6.409815930962748
kitti_mini,yaw,-0.5,deg,mid_10to30m,58,58,20119,99.69680401610418,98.35975943138327,1.337044584720914,6.720764322002111
kitti_mini,yaw,-0.5,deg,near_lt10m,15,15,18264,99.40319754708716,99.03088042049934,0.37231712658781646,8.869476682350697
kitti_mini,yaw,0.0,deg,far_gt30m,42,41,1808,99.72345132743362,99.72345132743362,0.0,0.0
kitti_mini,yaw,0.0,deg,mid_10to30m,58,58,20119,99.69680401610418,99.69680401610418,0.0,0.0
kitti_mini,yaw,0.0,deg,near_lt10m,15,15,18264,99.40319754708716,99.40319754708716,0.0,0.0
kitti_mini,yaw,0.5,deg,far_gt30m,42,41,1808,99.72345132743362,88.77212389380531,10.951327433628308,6.400109204668223
kitti_mini,yaw,0.5,deg,mid_10to30m,58,58,20119,99.69680401610418,97.37561509021323,2.321188925890951,6.720383631693684
kitti_mini,yaw,0.5,deg,near_lt10m,15,15,18264,99.40319754708716,97.8318002628121,1.571397284275065,8.88005032185696
kitti_mini,yaw,1.0,deg,far_gt30m,42,41,1808,99.72345132743362,70.18805309734513,29.53539823008849,12.789531573877682
kitti_mini,yaw,1.0,deg,mid_10to30m,58,58,20119,99.69680401610418,92.18151995626025,7.515284059843935,13.41654502600116
kitti_mini,yaw,1.0,deg,near_lt10m,15,15,18264,99.40319754708716,95.8059570740254,3.5972404730617598,17.66772237230494
kitti_mini,yaw,2.0,deg,far_gt30m,42,41,1808,99.72345132743362,42.92035398230089,56.803097345132734,25.5548935766063
kitti_mini,yaw,2.0,deg,mid_10to30m,58,58,20119,99.69680401610418,81.49510413042398,18.2016998856802,26.720299370044387
kitti_mini,yaw,2.0,deg,near_lt10m,15,15,18264,99.40319754708716,90.6263688129654,8.776828734121764,34.977152670524276
kitti_mini,yaw,3.0,deg,far_gt30m,42,41,1808,99.72345132743362,25.442477876106196,74.28097345132743,38.406700498008526
kitti_mini,yaw,3.0,deg,mid_10to30m,58,58,20119,99.69680401610418,71.72821710820617,27.968586907898015,40.14619421576275
kitti_mini,yaw,3.0,deg,near_lt10m,15,15,18264,99.40319754708716,85.50153307052125,13.901664476565912,51.94991092967748
nuscenes_mini_subset,small_yaw,-0.25,deg,far_gt30m,653,427,1767,100.0,97.22693831352575,2.77306168647425,5.751294005348342
nuscenes_mini_subset,small_yaw,-0.25,deg,mid_10to30m,501,447,11752,99.94894486044929,99.30224642614023,0.6466984343090587,6.410724465155004
nuscenes_mini_subset,small_yaw,-0.25,deg,near_lt10m,39,37,5528,99.89146164978293,99.31259044862519,0.5788712011577388,7.5886124037748255
nuscenes_mini_subset,small_yaw,-0.1,deg,far_gt30m,653,427,1767,100.0,99.54725523486135,0.4527447651386467,2.3013682143448753
nuscenes_mini_subset,small_yaw,-0.1,deg,mid_10to30m,501,447,11752,99.94894486044929,99.71919673247106,0.22974812797822608,2.5639691337096044
nuscenes_mini_subset,small_yaw,-0.1,deg,near_lt10m,39,37,5528,99.89146164978293,99.49348769898698,0.39797395079594367,3.039879554592338
nuscenes_mini_subset,small_yaw,0.1,deg,far_gt30m,653,427,1767,100.0,99.71703452178834,0.28296547821166484,2.3024209292562094
nuscenes_mini_subset,small_yaw,0.1,deg,mid_10to30m,501,447,11752,99.94894486044929,99.76174268209667,0.18720217835262076,2.5622307100048243
nuscenes_mini_subset,small_yaw,0.1,deg,near_lt10m,39,37,5528,99.89146164978293,99.63820549927641,0.25325615050651606,3.0429784346155357
nuscenes_mini_subset,small_yaw,0.25,deg,far_gt30m,653,427,1767,100.0,98.47198641765705,1.5280135823429504,5.758132978910174
nuscenes_mini_subset,small_yaw,0.25,deg,mid_10to30m,501,447,11752,99.94894486044929,99.28522804628999,0.6637168141593008,6.403415716099696
nuscenes_mini_subset,small_yaw,0.25,deg,near_lt10m,39,37,5528,99.89146164978293,99.16787264833575,0.7235890014471806,7.5958724351805165
nuscenes_mini_subset,translation,-10.0,cm,far_gt30m,653,427,1767,100.0,99.71703452178834,0.28296547821166484,3.323644698652736
nuscenes_mini_subset,translation,-10.0,cm,mid_10to30m,501,447,11752,99.94894486044929,99.0639891082369,0.8849557522123916,6.1942890187206245
nuscenes_mini_subset,translation,-10.0,cm,near_lt10m,39,37,5528,99.89146164978293,97.90159189580318,1.9898697539797467,18.877889410848532
nuscenes_mini_subset,translation,-5.0,cm,far_gt30m,653,427,1767,100.0,99.88681380871533,0.11318619128466878,1.6618515161281906
nuscenes_mini_subset,translation,-5.0,cm,mid_10to30m,501,447,11752,99.94894486044929,99.6000680735194,0.34887678692989255,3.097149452660782
nuscenes_mini_subset,translation,-5.0,cm,near_lt10m,39,37,5528,99.89146164978293,99.00506512301013,0.8863965267727991,9.439209812408219
nuscenes_mini_subset,translation,-2.0,cm,far_gt30m,653,427,1767,100.0,100.0,0.0,0.664747606680349
nuscenes_mini_subset,translation,-2.0,cm,mid_10to30m,501,447,11752,99.94894486044929,99.87236215112321,0.07658270932607536,1.2388609684978396
nuscenes_mini_subset,translation,-2.0,cm,near_lt10m,39,37,5528,99.89146164978293,99.54775687409551,0.34370477568741364,3.77574755349879
nuscenes_mini_subset,translation,0.0,cm,far_gt30m,653,427,1767,100.0,100.0,0.0,0.0
nuscenes_mini_subset,translation,0.0,cm,mid_10to30m,501,447,11752,99.94894486044929,99.94894486044929,0.0,0.0
nuscenes_mini_subset,translation,0.0,cm,near_lt10m,39,37,5528,99.89146164978293,99.89146164978293,0.0,0.0
nuscenes_mini_subset,translation,2.0,cm,far_gt30m,653,427,1767,100.0,99.94340690435767,0.056593095642327285,0.664756940548088
nuscenes_mini_subset,translation,2.0,cm,mid_10to30m,501,447,11752,99.94894486044929,99.77876106194691,0.17018379850237864,1.2388625529575408
nuscenes_mini_subset,translation,2.0,cm,near_lt10m,39,37,5528,99.89146164978293,99.47539797395079,0.41606367583213455,3.7858768084632466
nuscenes_mini_subset,translation,5.0,cm,far_gt30m,653,427,1767,100.0,99.71703452178834,0.28296547821166484,1.6615237762454242
nuscenes_mini_subset,translation,5.0,cm,mid_10to30m,501,447,11752,99.94894486044929,99.59155888359429,0.3573859768549994,3.0971593555335346
nuscenes_mini_subset,translation,5.0,cm,near_lt10m,39,37,5528,99.89146164978293,99.1136034732272,0.7778581765557249,9.464457891886088
nuscenes_mini_subset,translation,10.0,cm,far_gt30m,653,427,1767,100.0,99.32088285229202,0.6791171477079843,3.3231054639915065
nuscenes_mini_subset,translation,10.0,cm,mid_10to30m,501,447,11752,99.94894486044929,99.0214431586113,0.9275017018379828,6.191459274120187
nuscenes_mini_subset,translation,10.0,cm,near_lt10m,39,37,5528,99.89146164978293,98.28147612156295,1.6099855282199798,18.633391188566165
nuscenes_mini_subset,yaw,-3.0,deg,far_gt30m,653,427,1767,100.0,31.748726655348047,68.25127334465195,69.12447579777702
nuscenes_mini_subset,yaw,-3.0,deg,mid_10to30m,501,447,11752,99.94894486044929,69.28182437031994,30.66712049012935,76.16026904140712
nuscenes_mini_subset,yaw,-3.0,deg,near_lt10m,39,37,5528,99.89146164978293,84.35238784370478,15.53907380607815,88.40724320185488
nuscenes_mini_subset,yaw,-2.0,deg,far_gt30m,653,427,1767,100.0,50.028296547821164,49.971703452178836,46.04742301802338
nuscenes_mini_subset,yaw,-2.0,deg,mid_10to30m,501,447,11752,99.94894486044929,80.12253233492171,19.826412525527573,50.815612492850704
nuscenes_mini_subset,yaw,-2.0,deg,near_lt10m,39,37,5528,99.89146164978293,91.5520984081042,8.339363241678726,59.428352583327175
nuscenes_mini_subset,yaw,-1.0,deg,far_gt30m,653,427,1767,100.0,73.11827956989248,26.88172043010752,22.994943711434043
nuscenes_mini_subset,yaw,-1.0,deg,mid_10to30m,501,447,11752,99.94894486044929,92.37576582709326,7.573179033356027,25.50503205512415
nuscenes_mini_subset,yaw,-1.0,deg,near_lt10m,39,37,5528,99.89146164978293,97.0151953690304,2.8762662807525317,30.136925253284314
nuscenes_mini_subset,yaw,-0.5,deg,far_gt30m,653,427,1767,100.0,90.66213921901527,9.337860780984727,11.499646946400194
nuscenes_mini_subset,yaw,-0.5,deg,mid_10to30m,501,447,11752,99.94894486044929,97.96630360789653,1.982641252552753,12.821859270055574
nuscenes_mini_subset,yaw,-0.5,deg,near_lt10m,39,37,5528,99.89146164978293,98.37192474674384,1.5195369030390822,15.140583664028432
nuscenes_mini_subset,yaw,0.0,deg,far_gt30m,653,427,1767,100.0,100.0,0.0,0.0
nuscenes_mini_subset,yaw,0.0,deg,mid_10to30m,501,447,11752,99.94894486044929,99.94894486044929,0.0,0.0
nuscenes_mini_subset,yaw,0.0,deg,near_lt10m,39,37,5528,99.89146164978293,99.89146164978293,0.0,0.0
nuscenes_mini_subset,yaw,0.5,deg,far_gt30m,653,427,1767,100.0,91.39784946236558,8.602150537634415,11.523329384486221
nuscenes_mini_subset,yaw,0.5,deg,mid_10to30m,501,447,11752,99.94894486044929,98.0428863172226,1.9060585432266919,12.794130353090951
nuscenes_mini_subset,yaw,0.5,deg,near_lt10m,39,37,5528,99.89146164978293,98.39001447178003,1.5014471780028913,15.157761122063693
nuscenes_mini_subset,yaw,1.0,deg,far_gt30m,653,427,1767,100.0,75.21222410865875,24.787775891341255,23.066799584040382
nuscenes_mini_subset,yaw,1.0,deg,mid_10to30m,501,447,11752,99.94894486044929,92.93737236215112,7.011572498298165,25.507773381407397
nuscenes_mini_subset,yaw,1.0,deg,near_lt10m,39,37,5528,99.89146164978293,95.92981186685962,3.9616497829233026,30.177304517113715
nuscenes_mini_subset,yaw,2.0,deg,far_gt30m,653,427,1767,100.0,53.70684776457272,46.29315223542728,46.16370386194593
nuscenes_mini_subset,yaw,2.0,deg,mid_10to30m,501,447,11752,99.94894486044929,80.6075561606535,19.341388699795786,50.83023176375475
nuscenes_mini_subset,yaw,2.0,deg,near_lt10m,39,37,5528,99.89146164978293,88.53111432706223,11.360347322720699,60.08595335315883
nuscenes_mini_subset,yaw,3.0,deg,far_gt30m,653,427,1767,100.0,36.21958121109225,63.78041878890775,69.2698793791954
nuscenes_mini_subset,yaw,3.0,deg,mid_10to30m,501,447,11752,99.94894486044929,69.57964601769912,30.36929884275017,75.90196102268439
nuscenes_mini_subset,yaw,3.0,deg,near_lt10m,39,37,5528,99.89146164978293,80.26410998552822,19.627351664254704,89.8652920934731
