dataset,scene,kind,value,unit,frames,baseline_score_pct,alignment_score_pct,drop_pp,median_frame_pixel_shift_p50
kitti_mini,kitti,small_yaw,-0.25,deg,20,99.56457913463213,99.30083849618073,0.26374063845139517,3.652529110597941
kitti_mini,kitti,small_yaw,-0.1,deg,20,99.56457913463213,99.57453161155483,-0.009952476922705955,1.461733634258831
kitti_mini,kitti,small_yaw,0.1,deg,20,99.56457913463213,99.36801771540893,0.19656141922320103,1.4616035015165743
kitti_mini,kitti,small_yaw,0.25,deg,20,99.56457913463213,98.8057027692767,0.7588763653554196,3.6523739103302897
kitti_mini,kitti,translation,-10.0,cm,20,99.56457913463213,99.08686024234281,0.4777188922893174,5.818668126491641
kitti_mini,kitti,translation,-5.0,cm,20,99.56457913463213,99.43270881540643,0.13187031922569759,2.911363402814263
kitti_mini,kitti,translation,-2.0,cm,20,99.56457913463213,99.55462665770943,0.009952476922691744,1.1652530572440956
kitti_mini,kitti,translation,0.0,cm,20,99.56457913463213,99.56457913463213,0.0,0.0
kitti_mini,kitti,translation,2.0,cm,20,99.56457913463213,99.36304147694757,0.201537657684554,1.1654378901804459
kitti_mini,kitti,translation,5.0,cm,20,99.56457913463213,98.92513249234904,0.6394466422830902,2.91286284911709
kitti_mini,kitti,translation,10.0,cm,20,99.56457913463213,97.99208778084646,1.572491353785665,5.823389452204299
kitti_mini,kitti,yaw,-3.0,deg,20,99.56457913463213,74.91478191634943,24.6497972182827,43.43010116333785
kitti_mini,kitti,yaw,-2.0,deg,20,99.56457913463213,84.20790724291508,15.356671891717042,29.044118196748585
kitti_mini,kitti,yaw,-1.0,deg,20,99.56457913463213,94.51120897713419,5.0533701574979375,14.572463892680444
kitti_mini,kitti,yaw,-0.5,deg,20,99.56457913463213,98.2707571346819,1.2938219999502252,7.297243150852198
kitti_mini,kitti,yaw,0.0,deg,20,99.56457913463213,99.56457913463213,0.0,0.0
kitti_mini,kitti,yaw,0.5,deg,20,99.56457913463213,97.19588962703092,2.3686895076012036,7.299007209431451
kitti_mini,kitti,yaw,1.0,deg,20,99.56457913463213,92.83919285412156,6.725386280510563,14.57519636776638
kitti_mini,kitti,yaw,2.0,deg,20,99.56457913463213,83.90933293523426,15.655246199397865,29.071355484688084
kitti_mini,kitti,yaw,3.0,deg,20,99.56457913463213,75.9050533701575,23.659525764474623,43.50077888576461
nuscenes_mini_subset,scene-0103,small_yaw,-0.25,deg,40,99.88596191127837,98.74558102406203,1.1403808872163381,6.328514953568558
nuscenes_mini_subset,scene-0103,small_yaw,-0.1,deg,40,99.88596191127837,99.49823240962482,0.3877295016535527,2.5324707007170932
nuscenes_mini_subset,scene-0103,small_yaw,0.1,deg,40,99.88596191127837,99.68069335157942,0.20526855969895053,2.5319456186041176
nuscenes_mini_subset,scene-0103,small_yaw,0.25,deg,40,99.88596191127837,99.04208005473828,0.8438818565400936,6.328356208364564
nuscenes_mini_subset,scene-0103,translation,-10.0,cm,40,99.88596191127837,98.67715817082906,1.2088037404493122,9.831530655607114
nuscenes_mini_subset,scene-0103,translation,-5.0,cm,40,99.88596191127837,99.36138670315886,0.524575208119515,4.917795945719937
nuscenes_mini_subset,scene-0103,translation,-2.0,cm,40,99.88596191127837,99.80613524917322,0.07982666210514822,1.9671817973419348
nuscenes_mini_subset,scene-0103,translation,0.0,cm,40,99.88596191127837,99.88596191127837,0.0,0.0
nuscenes_mini_subset,scene-0103,translation,2.0,cm,40,99.88596191127837,99.5666552628578,0.31930664842057865,1.9664800669672422
nuscenes_mini_subset,scene-0103,translation,5.0,cm,40,99.88596191127837,99.1903295700764,0.6956323412019714,4.91318188556517
nuscenes_mini_subset,scene-0103,translation,10.0,cm,40,99.88596191127837,98.34644771353632,1.5395141977420508,9.821345897802034
nuscenes_mini_subset,scene-0103,yaw,-3.0,deg,40,99.88596191127837,66.48420572471206,33.40175618656632,75.43589245259653
nuscenes_mini_subset,scene-0103,yaw,-2.0,deg,40,99.88596191127837,77.39765081537233,22.48831109590604,50.40647317821204
nuscenes_mini_subset,scene-0103,yaw,-1.0,deg,40,99.88596191127837,89.99885961911278,9.887102292165594,25.271429743399494
nuscenes_mini_subset,scene-0103,yaw,-0.5,deg,40,99.88596191127837,96.46481924962937,3.421142661649,12.65091857598153
nuscenes_mini_subset,scene-0103,yaw,0.0,deg,40,99.88596191127837,99.88596191127837,0.0,0.0
nuscenes_mini_subset,scene-0103,yaw,0.5,deg,40,99.88596191127837,97.05781731098187,2.828144600296497,12.647670336359248
nuscenes_mini_subset,scene-0103,yaw,1.0,deg,40,99.88596191127837,91.17345193294561,8.712509978332761,25.259967779886907
nuscenes_mini_subset,scene-0103,yaw,2.0,deg,40,99.88596191127837,78.94856882198654,20.93739308929183,50.411885307668385
nuscenes_mini_subset,scene-0103,yaw,3.0,deg,40,99.88596191127837,67.84125898049949,32.04470293077888,75.42681763406631
nuscenes_mini_subset,scene-1094,small_yaw,-0.25,deg,40,99.98054096127652,99.42595835765714,0.5545826036193802,6.2862442691064215
nuscenes_mini_subset,scene-1094,small_yaw,-0.1,deg,40,99.98054096127652,99.75676201595641,0.223778945320106,2.51543142702545
nuscenes_mini_subset,scene-1094,small_yaw,0.1,deg,40,99.98054096127652,99.75676201595641,0.223778945320106,2.515450588575537
nuscenes_mini_subset,scene-1094,small_yaw,0.25,deg,40,99.98054096127652,99.28974508659272,0.6907958746838005,6.284033520447572
nuscenes_mini_subset,scene-1094,translation,-10.0,cm,40,99.98054096127652,98.8811052733995,1.099435687877019,9.908881597981393
nuscenes_mini_subset,scene-1094,translation,-5.0,cm,40,99.98054096127652,99.5329830706363,0.447557890640212,5.040406277639667
nuscenes_mini_subset,scene-1094,translation,-2.0,cm,40,99.98054096127652,99.7762210546799,0.20431990659662347,2.025032338217466
nuscenes_mini_subset,scene-1094,translation,0.0,cm,40,99.98054096127652,99.98054096127652,0.0,0.0
nuscenes_mini_subset,scene-1094,translation,2.0,cm,40,99.98054096127652,99.82486865148861,0.15567230978790292,2.0268005357484165
nuscenes_mini_subset,scene-1094,translation,5.0,cm,40,99.98054096127652,99.69838489978595,0.2821560614905678,5.051006034783427
nuscenes_mini_subset,scene-1094,translation,10.0,cm,40,99.98054096127652,99.25082700914575,0.7297139521307656,9.984491323446209
nuscenes_mini_subset,scene-1094,yaw,-3.0,deg,40,99.98054096127652,73.32165791009925,26.65888305117727,74.99741120490185
nuscenes_mini_subset,scene-1094,yaw,-2.0,deg,40,99.98054096127652,83.42089900758903,16.55964195368749,50.10523903637458
nuscenes_mini_subset,scene-1094,yaw,-1.0,deg,40,99.98054096127652,93.58824674061101,6.392294220665505,25.106752393664046
nuscenes_mini_subset,scene-1094,yaw,-0.5,deg,40,99.98054096127652,98.2097684374392,1.7707725238373229,12.565519126566066
nuscenes_mini_subset,scene-1094,yaw,0.0,deg,40,99.98054096127652,99.98054096127652,0.0,0.0
nuscenes_mini_subset,scene-1094,yaw,0.5,deg,40,99.98054096127652,97.92761237594863,2.0529285853278907,12.566053497541112
nuscenes_mini_subset,scene-1094,yaw,1.0,deg,40,99.98054096127652,93.00447557890641,6.976065382370109,25.111268357544446
nuscenes_mini_subset,scene-1094,yaw,2.0,deg,40,99.98054096127652,81.65985600311345,18.32068495816307,50.11639411248832
nuscenes_mini_subset,scene-1094,yaw,3.0,deg,40,99.98054096127652,71.07413893753649,28.90640202374003,74.93141193478026
